carpeta_origen,ruta_relativa,formato,tipo,dimensiones_px,tamano_bytes,correspondencia_portafolio,paginas_pdf,rol_visual_o_tecnico,certeza,uso_web_recomendado,notas
PORTAFOLIO GIS, PORTAFOLIO_ESPAÑOL.indd,indd,fuente de maquetación,,29175808,Portafolio completo,1-93,documento fuente de maquetación,directa,referencia_no_publicar,Conservar como respaldo; no usar como activo web.
PORTAFOLIO GIS, PORTAFOLIO_NESTOR_ARRIAGA (P).indd,indd,fuente de maquetación,,26210304,Portafolio completo,1-93,documento fuente de maquetación,directa,referencia_no_publicar,Conservar como respaldo; no usar como activo web.
PORTAFOLIO GIS, PORTAFOLIO_NESTOR_ARRIAGA .indd,indd,fuente de maquetación,,26210304,Portafolio completo,1-93,documento fuente de maquetación,directa,referencia_no_publicar,Conservar como respaldo; no usar como activo web.
PORTAFOLIO GIS,.DS_Store,sin_extensión,archivo auxiliar,,14340,Sistema,-,metadato del sistema,directa,excluir,No publicar ni migrar.
PORTAFOLIO GIS,AGRICULTURA.png,png,raster con/sin transparencia,3200x2400,106324,P04/P11 Agricultura,"24, 36-37",icono de categoría,directa,publicar_optimizado,
PORTAFOLIO GIS,AGS.jpg,jpg,raster fotográfico o página exportada,3508x2480,604872,P09 Vocaciones productivas,32,página compuesta exportada,directa,referencia_no_publicar,
PORTAFOLIO GIS,AGS2.jpg,jpg,raster fotográfico o página exportada,3508x2480,664007,P09 Vocaciones productivas,33,página compuesta exportada,directa,referencia_no_publicar,
PORTAFOLIO GIS,AGS3.jpg,jpg,raster fotográfico o página exportada,3508x2480,711994,P10 Aptitud para conservación,34,página compuesta exportada,directa,referencia_no_publicar,
PORTAFOLIO GIS,AGS4.jpg,jpg,raster fotográfico o página exportada,3508x2480,565402,P10 Aptitud para conservación,35,página compuesta exportada,directa,referencia_no_publicar,
PORTAFOLIO GIS,AGS5.jpg,jpg,raster fotográfico o página exportada,3508x2480,603135,P11 Aptitud agrícola,36,página compuesta exportada,directa,referencia_no_publicar,
PORTAFOLIO GIS,AGS6.jpg,jpg,raster fotográfico o página exportada,3508x2480,630093,P11 Aptitud agrícola,37,página compuesta exportada,directa,referencia_no_publicar,
PORTAFOLIO GIS,AGUASCALIENTES.png,png,raster con/sin transparencia,3200x2400,92285,P09-P13 Aguascalientes/Calvillo,32-39,máscara territorial,directa,publicar_optimizado,
PORTAFOLIO GIS,APTITUD/27.png,png,raster con/sin transparencia,3200x2400,197103,P10-P11 Aptitud conservación/agrícola,34-37,bloque isométrico de metodología,directa,publicar_optimizado,
PORTAFOLIO GIS,APTITUD/28.png,png,raster con/sin transparencia,3200x2400,202515,P10-P11 Aptitud conservación/agrícola,34-37,bloque isométrico de metodología,directa,publicar_optimizado,
PORTAFOLIO GIS,APTITUD/29.png,png,raster con/sin transparencia,3200x2400,201310,P10-P11 Aptitud conservación/agrícola,34-37,bloque isométrico de metodología,directa,publicar_optimizado,
PORTAFOLIO GIS,APTITUD/30.png,png,raster con/sin transparencia,3200x2400,198184,P10-P11 Aptitud conservación/agrícola,34-37,bloque isométrico de metodología,directa,publicar_optimizado,
PORTAFOLIO GIS,APTITUD/31.png,png,raster con/sin transparencia,3200x2400,198526,P10-P11 Aptitud conservación/agrícola,34-37,bloque isométrico de metodología,directa,publicar_optimizado,
PORTAFOLIO GIS,APTITUD/32.png,png,raster con/sin transparencia,3200x2400,199241,P10-P11 Aptitud conservación/agrícola,34-37,bloque isométrico de metodología,directa,publicar_optimizado,
PORTAFOLIO GIS,BASE.png,png,raster con/sin transparencia,3200x2400,433218,Sistema visual transversal,18-89,trama topográfica,media,publicar_optimizado,
PORTAFOLIO GIS,CAFE ROJO.png,png,raster con/sin transparencia,3200x2400,129894,P03 Cultivo de limón y café,23,icono de café,directa,publicar_optimizado,
PORTAFOLIO GIS,CAFE.pdf,pdf,mapa/documento vectorial,,3183,P03 Cultivo de limón y café,23,icono vectorial de café,directa,convertir_a_svg_web,
PORTAFOLIO GIS,CDMX.png,png,raster con/sin transparencia,3200x2400,133496,P01 Áreas verdes - Miguel Hidalgo,18-19,contorno territorial,directa,publicar_optimizado,
PORTAFOLIO GIS,CO2.png,png,raster con/sin transparencia,3200x2400,144391,P02 Captura de carbono,22,icono temático,directa,publicar_optimizado,
PORTAFOLIO GIS,CONSERVATION.png,png,raster con/sin transparencia,3200x2400,154968,P10 Aptitud para conservación,34-35,icono temático,directa,publicar_optimizado,
PORTAFOLIO GIS,DECOZALAPA.cpg,cpg,codificación de shapefile,,5,P02-P04 Cuenca de Decozalapa,22-24,fuente GIS,directa,fuente_datos,
PORTAFOLIO GIS,DECOZALAPA.dbf,dbf,atributos de shapefile,,1116,P02-P04 Cuenca de Decozalapa,22-24,fuente GIS,directa,fuente_datos,
PORTAFOLIO GIS,DECOZALAPA.png,png,raster con/sin transparencia,3200x2400,299412,P02-P04 Cuenca de Decozalapa,22-24,máscara territorial,directa,publicar_optimizado,
PORTAFOLIO GIS,DECOZALAPA.prj,prj,sistema de coordenadas GIS,,145,P02-P04 Cuenca de Decozalapa,22-24,fuente GIS,directa,fuente_datos,
PORTAFOLIO GIS,DECOZALAPA.qmd,qmd,metadato/estilo GIS,,1531,P02-P04 Cuenca de Decozalapa,22-24,fuente GIS,directa,fuente_datos,
PORTAFOLIO GIS,DECOZALAPA.shp,shp,dato GIS vectorial,,80604,P02-P04 Cuenca de Decozalapa,22-24,fuente GIS,directa,fuente_datos,
PORTAFOLIO GIS,DECOZALAPA.shx,shx,índice de shapefile,,108,P02-P04 Cuenca de Decozalapa,22-24,fuente GIS,directa,fuente_datos,
PORTAFOLIO GIS,Diseño sin título-4.png,png,raster con/sin transparencia,4406x7031,1211214,P01 Áreas verdes - Miguel Hidalgo,19,mapa localizador de alcaldía,directa,publicar_optimizado,
PORTAFOLIO GIS,Diseño sin título.png,png,raster con/sin transparencia,3200x2400,124820,P03 Cultivo de limón y café,23,icono de café alterno,directa,publicar_optimizado,
PORTAFOLIO GIS,FLECHA.png,png,raster con/sin transparencia,3200x2400,76359,Sistema visual transversal,18-89,flecha de llamada,media,publicar_optimizado,
PORTAFOLIO GIS,GRAFICA CARBONO.png,png,raster con/sin transparencia,3200x2400,113902,P02 Captura de carbono,22,gráfica de anillo,directa,publicar_optimizado,
PORTAFOLIO GIS,GRAFICO-SLOPE.png,png,raster con/sin transparencia,3200x2400,194223,P07 Pendiente de Metztitlán,28,gráfica de intervalos,directa,publicar_optimizado,
PORTAFOLIO GIS,GREEN AREA.pdf,pdf,mapa/documento vectorial,,3859,P01 Áreas verdes - Miguel Hidalgo,18-19,icono vectorial de áreas verdes,directa,convertir_a_svg_web,
PORTAFOLIO GIS,GREENAREA.png,png,raster con/sin transparencia,3200x2400,104915,P01 Áreas verdes - Miguel Hidalgo,18-19,icono temático,directa,publicar_optimizado,
PORTAFOLIO GIS,HIDALGO.png,png,raster con/sin transparencia,3200x2400,98867,P05-P08 Metztitlán,25-29,máscara estatal,directa,publicar_optimizado,
PORTAFOLIO GIS,ICONOS BLANCO/2.png,png,raster con/sin transparencia,3200x2400,156901,P02 Captura de carbono,22,icono de índice/categoría,directa,publicar_optimizado,
PORTAFOLIO GIS,ICONOS BLANCO/3.png,png,raster con/sin transparencia,3200x2400,112156,P01 Áreas verdes - Miguel Hidalgo,18-19,icono de índice/categoría,directa,publicar_optimizado,
PORTAFOLIO GIS,ICONOS BLANCO/4.png,png,raster con/sin transparencia,3200x2400,134691,P03 Cultivo de limón y café,23,icono de índice/categoría,directa,publicar_optimizado,
PORTAFOLIO GIS,ICONOS BLANCO/5.png,png,raster con/sin transparencia,3200x2400,113791,P04/P09/P11/P12 Agricultura,"24, 32, 36, 38",icono de índice/categoría,directa,publicar_optimizado,
PORTAFOLIO GIS,ICONOS BLANCO/6.png,png,raster con/sin transparencia,3200x2400,106780,P05/P07/P08/P13 Relieve y cuencas,"26, 28-29, 39",icono de índice/categoría,directa,publicar_optimizado,
PORTAFOLIO GIS,ICONOS BLANCO/7.png,png,raster con/sin transparencia,3200x2400,168094,P06/P10 Ecología y conservación,"27, 34",icono de índice/categoría,directa,publicar_optimizado,
PORTAFOLIO GIS,ICONOS BLANCO/8.png,png,raster con/sin transparencia,3200x2400,75042,P15 Urban Challenge,81-89,icono de índice/categoría,directa,publicar_optimizado,
PORTAFOLIO GIS,LANDFORM.png,png,raster con/sin transparencia,3200x2400,99578,P05 Geomorfología de Metztitlán,26,icono temático,directa,publicar_optimizado,
PORTAFOLIO GIS,LANDUSE.png,png,raster con/sin transparencia,3200x2400,72380,P06 Uso de suelo y vegetación,27,icono temático,directa,publicar_optimizado,
PORTAFOLIO GIS,MAPAS AGS/2.png,png,raster con/sin transparencia,4406x7031,18161711,P10 Aptitud para conservación,34-35,mapa recortado,directa,publicar_optimizado,
PORTAFOLIO GIS,MAPAS AGS/3.png,png,raster con/sin transparencia,4406x7031,18539912,P11 Aptitud agrícola,36-37,mapa recortado,directa,publicar_optimizado,
PORTAFOLIO GIS,MAPAS AGS/4.png,png,raster con/sin transparencia,4406x7031,15430932,P09 Vocaciones productivas,32-33,mapa recortado,directa,publicar_optimizado,
PORTAFOLIO GIS,METZ/14.png,png,raster con/sin transparencia,3200x2400,2246028,P05 Geomorfología de Metztitlán,26,composición cartográfica exportada,directa,referencia_y_publicación,
PORTAFOLIO GIS,METZ/15.png,png,raster con/sin transparencia,3200x2400,1822728,P06 Uso de suelo y vegetación,27,composición cartográfica exportada,directa,referencia_y_publicación,
PORTAFOLIO GIS,METZ/16.png,png,raster con/sin transparencia,3200x2400,2918438,P07 Pendiente,28,composición cartográfica exportada,directa,referencia_y_publicación,
PORTAFOLIO GIS,METZ/17.png,png,raster con/sin transparencia,3200x2400,3285770,P08 Patrones geomorfológicos,29,composición cartográfica exportada,directa,referencia_y_publicación,
PORTAFOLIO GIS,MODELO APTITUD/Aristas_Agr_cola.csv,csv,dato/modelo tabular,,72,P10-P11 Aptitud conservación/agrícola,34-37,grafo de modelo multicriterio,directa,fuente_datos,
PORTAFOLIO GIS,MODELO APTITUD/Aristas_Conservaci_n.csv,csv,dato/modelo tabular,,56,P10-P11 Aptitud conservación/agrícola,34-37,grafo de modelo multicriterio,directa,fuente_datos,
PORTAFOLIO GIS,MODELO APTITUD/Nodos_Agr_cola.csv,csv,dato/modelo tabular,,238,P10-P11 Aptitud conservación/agrícola,34-37,grafo de modelo multicriterio,directa,fuente_datos,
PORTAFOLIO GIS,MODELO APTITUD/Nodos_Conservaci_n.csv,csv,dato/modelo tabular,,230,P10-P11 Aptitud conservación/agrícola,34-37,grafo de modelo multicriterio,directa,fuente_datos,
PORTAFOLIO GIS,PORTAFOLIO.indd,indd,fuente de maquetación,,29118464,Portafolio completo,1-93,documento fuente de maquetación,directa,referencia_no_publicar,Conservar como respaldo; no usar como activo web.
PORTAFOLIO GIS,SHAPE/AGUASCALIENTES.cpg,cpg,codificación de shapefile,,5,P09-P13 Aguascalientes/Calvillo,32-39,fuente GIS,directa,fuente_datos,
PORTAFOLIO GIS,SHAPE/AGUASCALIENTES.dbf,dbf,atributos de shapefile,,869,P09-P13 Aguascalientes/Calvillo,32-39,fuente GIS,directa,fuente_datos,
PORTAFOLIO GIS,SHAPE/AGUASCALIENTES.prj,prj,sistema de coordenadas GIS,,443,P09-P13 Aguascalientes/Calvillo,32-39,fuente GIS,directa,fuente_datos,
PORTAFOLIO GIS,SHAPE/AGUASCALIENTES.qmd,qmd,metadato/estilo GIS,,1870,P09-P13 Aguascalientes/Calvillo,32-39,fuente GIS,directa,fuente_datos,
PORTAFOLIO GIS,SHAPE/AGUASCALIENTES.shp,shp,dato GIS vectorial,,44604,P09-P13 Aguascalientes/Calvillo,32-39,fuente GIS,directa,fuente_datos,
PORTAFOLIO GIS,SHAPE/AGUASCALIENTES.shx,shx,índice de shapefile,,108,P09-P13 Aguascalientes/Calvillo,32-39,fuente GIS,directa,fuente_datos,
PORTAFOLIO GIS,SHAPE/CIUDAD DE MÉXICO.qmd,qmd,metadato/estilo GIS,,1870,P01 Áreas verdes - Miguel Hidalgo,18-19,fuente GIS,directa,fuente_datos,
PORTAFOLIO GIS,SHAPE/CIUDAD DE MÉXICO.cpg,cpg,codificación de shapefile,,5,P01 Áreas verdes - Miguel Hidalgo,18-19,fuente GIS,directa,fuente_datos,
PORTAFOLIO GIS,SHAPE/CIUDAD DE MÉXICO.dbf,dbf,atributos de shapefile,,869,P01 Áreas verdes - Miguel Hidalgo,18-19,fuente GIS,directa,fuente_datos,
PORTAFOLIO GIS,SHAPE/CIUDAD DE MÉXICO.prj,prj,sistema de coordenadas GIS,,443,P01 Áreas verdes - Miguel Hidalgo,18-19,fuente GIS,directa,fuente_datos,
PORTAFOLIO GIS,SHAPE/CIUDAD DE MÉXICO.shp,shp,dato GIS vectorial,,45212,P01 Áreas verdes - Miguel Hidalgo,18-19,fuente GIS,directa,fuente_datos,
PORTAFOLIO GIS,SHAPE/CIUDAD DE MÉXICO.shx,shx,índice de shapefile,,108,P01 Áreas verdes - Miguel Hidalgo,18-19,fuente GIS,directa,fuente_datos,
PORTAFOLIO GIS,SHAPE/JALISCO.cpg,cpg,codificación de shapefile,,5,Cobertura territorial,8-9,fuente GIS de cobertura,probable,fuente_datos,
PORTAFOLIO GIS,SHAPE/JALISCO.dbf,dbf,atributos de shapefile,,869,Cobertura territorial,8-9,fuente GIS de cobertura,probable,fuente_datos,
PORTAFOLIO GIS,SHAPE/JALISCO.prj,prj,sistema de coordenadas GIS,,443,Cobertura territorial,8-9,fuente GIS de cobertura,probable,fuente_datos,
PORTAFOLIO GIS,SHAPE/JALISCO.qmd,qmd,metadato/estilo GIS,,1870,Cobertura territorial,8-9,fuente GIS de cobertura,probable,fuente_datos,
PORTAFOLIO GIS,SHAPE/JALISCO.shp,shp,dato GIS vectorial,,887880,Cobertura territorial,8-9,fuente GIS de cobertura,probable,fuente_datos,
PORTAFOLIO GIS,SHAPE/JALISCO.shx,shx,índice de shapefile,,108,Cobertura territorial,8-9,fuente GIS de cobertura,probable,fuente_datos,
PORTAFOLIO GIS,SHAPE/VERACRUZ.cpg,cpg,codificación de shapefile,,5,P02-P04 Cuenca de Decozalapa,22-24,fuente GIS,directa,fuente_datos,
PORTAFOLIO GIS,SHAPE/VERACRUZ.dbf,dbf,atributos de shapefile,,869,P02-P04 Cuenca de Decozalapa,22-24,fuente GIS,directa,fuente_datos,
PORTAFOLIO GIS,SHAPE/VERACRUZ.prj,prj,sistema de coordenadas GIS,,443,P02-P04 Cuenca de Decozalapa,22-24,fuente GIS,directa,fuente_datos,
PORTAFOLIO GIS,SHAPE/VERACRUZ.qmd,qmd,metadato/estilo GIS,,1870,P02-P04 Cuenca de Decozalapa,22-24,fuente GIS,directa,fuente_datos,
PORTAFOLIO GIS,SHAPE/VERACRUZ.shp,shp,dato GIS vectorial,,1344164,P02-P04 Cuenca de Decozalapa,22-24,fuente GIS,directa,fuente_datos,
PORTAFOLIO GIS,SHAPE/VERACRUZ.shx,shx,índice de shapefile,,108,P02-P04 Cuenca de Decozalapa,22-24,fuente GIS,directa,fuente_datos,
PORTAFOLIO GIS,SHAPE/YUCATAN.cpg,cpg,codificación de shapefile,,5,P15 Urban Challenge - Mérida,81-89,fuente GIS territorial,probable,fuente_datos,
PORTAFOLIO GIS,SHAPE/YUCATAN.dbf,dbf,atributos de shapefile,,869,P15 Urban Challenge - Mérida,81-89,fuente GIS territorial,probable,fuente_datos,
PORTAFOLIO GIS,SHAPE/YUCATAN.prj,prj,sistema de coordenadas GIS,,443,P15 Urban Challenge - Mérida,81-89,fuente GIS territorial,probable,fuente_datos,
PORTAFOLIO GIS,SHAPE/YUCATAN.qmd,qmd,metadato/estilo GIS,,1870,P15 Urban Challenge - Mérida,81-89,fuente GIS territorial,probable,fuente_datos,
PORTAFOLIO GIS,SHAPE/YUCATAN.shp,shp,dato GIS vectorial,,158116,P15 Urban Challenge - Mérida,81-89,fuente GIS territorial,probable,fuente_datos,
PORTAFOLIO GIS,SHAPE/YUCATAN.shx,shx,índice de shapefile,,108,P15 Urban Challenge - Mérida,81-89,fuente GIS territorial,probable,fuente_datos,
PORTAFOLIO GIS,SLOPE_METZ.png,png,raster con/sin transparencia,3200x2400,186898,P07 Pendiente de Metztitlán,28,gráfica de pendiente,directa,publicar_optimizado,
PORTAFOLIO GIS,SUBCC.png,png,raster con/sin transparencia,3878x6188,8148303,P13 Subcuencas y ríos de Calvillo,39,mapa principal,directa,publicar_optimizado,
PORTAFOLIO GIS,VERACRUZ.png,png,raster con/sin transparencia,3200x2400,155083,P02-P04 Cuenca de Decozalapa,20-24,contorno territorial,directa,publicar_optimizado,
PORTAFOLIO GIS,VERACRUZ2.png,png,raster con/sin transparencia,3200x2400,105563,P02-P04 Cuenca de Decozalapa,20-24,máscara territorial,directa,publicar_optimizado,
PORTAFOLIO GIS,elementos portada/.DS_Store,sin_extensión,archivo auxiliar,,6148,Sistema,-,metadato del sistema,directa,excluir,No publicar ni migrar.
PORTAFOLIO GIS,elementos portada/10.png,png,raster con/sin transparencia,4406x7031,361808,Identidad y portada,1-16,glifo/trazo editorial,directa,publicar_optimizado,
PORTAFOLIO GIS,elementos portada/11.png,png,raster con/sin transparencia,4406x7031,312724,Identidad y portada,1-16,glifo/trazo editorial,directa,publicar_optimizado,
PORTAFOLIO GIS,elementos portada/7.png,png,raster con/sin transparencia,4406x7031,147972,Identidad y portada,1-16,glifo/trazo editorial,directa,publicar_optimizado,
PORTAFOLIO GIS,elementos portada/8.png,png,raster con/sin transparencia,4406x7031,149438,Identidad y portada,1-16,glifo/trazo editorial,directa,publicar_optimizado,
PORTAFOLIO GIS,elementos portada/9.png,png,raster con/sin transparencia,4406x7031,325597,Identidad y portada,1-16,glifo/trazo editorial,directa,publicar_optimizado,
PORTAFOLIO GIS,elementos portada/trazo.png,png,raster con/sin transparencia,4406x7031,2503730,Identidad y portada,1-16,glifo/trazo editorial,directa,publicar_optimizado,
PORTAFOLIO GIS,firma.png,png,raster con/sin transparencia,4406x7031,806136,Prefacio,5,firma del autor,directa,publicar_optimizado,
PORTAFOLIO GIS,inhabitants.png,png,raster con/sin transparencia,3200x2400,141609,P01 Áreas verdes - Miguel Hidalgo,19,pictograma de habitantes,directa,publicar_optimizado,
PORTAFOLIO GIS,metz_base_2.jpeg,jpeg,raster fotográfico,9354x6614,5280415,P05-P08 Metztitlán,25,imagen de apertura territorial,directa,publicar_optimizado,
PORTAFOLIO GIS,mexico.jpeg,jpeg,raster fotográfico,8185x5787,2045628,Cobertura territorial,8-9,mapa nacional/localizador,directa,publicar_optimizado,
PORTAFOLIO GIS,mexico.png,png,raster con/sin transparencia,3200x2400,424106,Cobertura territorial,8-9,mapa nacional/localizador,directa,publicar_optimizado,
PORTAFOLIO GIS,suelo.png,png,raster con/sin transparencia,4406x7031,10582286,P12 Degradación del suelo,38,mapa principal,directa,publicar_optimizado,
PORTAFOLIO GIS,usgs-5HT7p_DVJ3c-unsplash.jpg,jpg,raster fotográfico o página exportada,7680x4320,2447519,Biblioteca editorial,-,fotografía/texture de paisaje,baja,revisar,
GRANULAR ELEMENTOS,Comarca_Bing.svg,svg,vector editable,,25320660,P14 GRANULAR - identidad/base territorial,40-79,"base, textura o máscara territorial",directa,publicar_svg_optimizado,
GRANULAR ELEMENTOS,Comarca_Black.svg,svg,vector editable,,30468615,P14 GRANULAR - identidad/base territorial,40-79,"base, textura o máscara territorial",directa,publicar_svg_optimizado,
GRANULAR ELEMENTOS,Comarca_Caracterizacion.svg,svg,vector editable,,8307760,P14 GRANULAR - identidad/base territorial,40-79,"base, textura o máscara territorial",directa,publicar_svg_optimizado,
GRANULAR ELEMENTOS,Comarca_Caracterizacion_g.svg,svg,vector editable,,8710506,P14 GRANULAR - identidad/base territorial,40-79,"base, textura o máscara territorial",directa,publicar_svg_optimizado,
GRANULAR ELEMENTOS,Comarca_Google.svg,svg,vector editable,,28206488,P14 GRANULAR - identidad/base territorial,40-79,"base, textura o máscara territorial",directa,publicar_svg_optimizado,
GRANULAR ELEMENTOS,Comarca_Orange.svg,svg,vector editable,,361324,P14 GRANULAR - identidad/base territorial,40-79,"base, textura o máscara territorial",directa,publicar_svg_optimizado,
GRANULAR ELEMENTOS,Comarca_Recorte_Azul.svg,svg,vector editable,,8138356,P14 GRANULAR - identidad/base territorial,40-79,"base, textura o máscara territorial",directa,publicar_svg_optimizado,
GRANULAR ELEMENTOS,Comarca_Recorte_Negro.svg,svg,vector editable,,7585968,P14 GRANULAR - identidad/base territorial,40-79,"base, textura o máscara territorial",directa,publicar_svg_optimizado,
GRANULAR ELEMENTOS,Comarca_Satelite_B.svg,svg,vector editable,,8012707,P14 GRANULAR - identidad/base territorial,40-79,"base, textura o máscara territorial",directa,publicar_svg_optimizado,
GRANULAR ELEMENTOS,Comarca_V3.svg,svg,vector editable,,19839613,P14 GRANULAR - identidad/base territorial,40-79,"base, textura o máscara territorial",directa,publicar_svg_optimizado,
GRANULAR ELEMENTOS,Copia de Landscape Illustration_Tutorial Source File [Recuperado].svg,svg,vector editable,,5938905,P14 GRANULAR - exploraciones no confirmadas,40-79,boceto/activo experimental,baja,revisar,No se confirmó una aparición directa en el PDF.
GRANULAR ELEMENTOS,Cuencame.svg,svg,vector editable,,30560,P14 GRANULAR - capas municipales,43-74,máscara municipal,directa,publicar_svg_optimizado,
GRANULAR ELEMENTOS,Cuencas_Comarca.svg,svg,vector editable,,15617435,P14 GRANULAR - Pilar I Agua,42-47,mapa/capa hídrica,directa,publicar_svg_optimizado,
GRANULAR ELEMENTOS,Cuencas_V3.svg,svg,vector editable,,17594969,P14 GRANULAR - Pilar I Agua,42-47,mapa/capa hídrica,directa,publicar_svg_optimizado,
GRANULAR ELEMENTOS,Franciso_I_Madero.svg,svg,vector editable,,18347,P14 GRANULAR - capas municipales,43-74,máscara municipal,directa,publicar_svg_optimizado,
GRANULAR ELEMENTOS,General_Simon_Bolivar.svg,svg,vector editable,,85883,P14 GRANULAR - capas municipales,43-74,máscara municipal,directa,publicar_svg_optimizado,
GRANULAR ELEMENTOS,Gomez_Palacio.svg,svg,vector editable,,34695,P14 GRANULAR - capas municipales,43-74,máscara municipal,directa,publicar_svg_optimizado,
GRANULAR ELEMENTOS,Lerdo.svg,svg,vector editable,,29000,P14 GRANULAR - capas municipales,43-74,máscara municipal,directa,publicar_svg_optimizado,
GRANULAR ELEMENTOS,Mapimi.svg,svg,vector editable,,27068,P14 GRANULAR - capas municipales,43-74,máscara municipal,directa,publicar_svg_optimizado,
GRANULAR ELEMENTOS,Matamoros.svg,svg,vector editable,,20878,P14 GRANULAR - capas municipales,43-74,máscara municipal,directa,publicar_svg_optimizado,
GRANULAR ELEMENTOS,Nazas.svg,svg,vector editable,,25424,P14 GRANULAR - capas municipales,43-74,máscara municipal,directa,publicar_svg_optimizado,
GRANULAR ELEMENTOS,PROYECTO FINAL MANEJO DE CUENCAS.svg,svg,vector editable,,7100060,P13 Subcuencas y ríos de Calvillo,39,composición cartográfica,probable,revisar_y_convertir,
GRANULAR ELEMENTOS,RTP.svg,svg,vector editable,,3122948,P14 GRANULAR - Pilar III Gobernanza,58-61,mapa/capa institucional-ambiental,directa,publicar_svg_optimizado,
GRANULAR ELEMENTOS,Radar de Tensiones y Políticas_Hídricas_Comarca_Lagunera_(1990–2025).svg,svg,vector editable,,7199652,P14 GRANULAR - aplicaciones y gobernanza,78-79,diagrama de tensiones/políticas,directa,publicar_svg_optimizado,
GRANULAR ELEMENTOS,San_Juan_De_Guadalupe.svg,svg,vector editable,,26689,P14 GRANULAR - capas municipales,43-74,máscara municipal,directa,publicar_svg_optimizado,
GRANULAR ELEMENTOS,San_Luis_Del_Cordero.svg,svg,vector editable,,16487,P14 GRANULAR - capas municipales,43-74,máscara municipal,directa,publicar_svg_optimizado,
GRANULAR ELEMENTOS,San_Pedro.svg,svg,vector editable,,16611,P14 GRANULAR - capas municipales,43-74,máscara municipal,directa,publicar_svg_optimizado,
GRANULAR ELEMENTOS,Santa_Clara.svg,svg,vector editable,,26711,P14 GRANULAR - capas municipales,43-74,máscara municipal,directa,publicar_svg_optimizado,
GRANULAR ELEMENTOS,Tlahualillo.svg,svg,vector editable,,13488,P14 GRANULAR - capas municipales,43-74,máscara municipal,directa,publicar_svg_optimizado,
GRANULAR ELEMENTOS,Torreon.svg,svg,vector editable,,72618,P14 GRANULAR - capas municipales,43-74,máscara municipal,directa,publicar_svg_optimizado,
GRANULAR ELEMENTOS,Viesca.svg,svg,vector editable,,57373,P14 GRANULAR - capas municipales,43-74,máscara municipal,directa,publicar_svg_optimizado,
GRANULAR ELEMENTOS,Zona_Lagunera_Total.svg,svg,vector editable,,25815755,P14 GRANULAR - identidad/base territorial,40-79,"base, textura o máscara territorial",directa,publicar_svg_optimizado,
GRANULAR ELEMENTOS,Zona_Lagunera_Total_Black.svg,svg,vector editable,,17312057,P14 GRANULAR - identidad/base territorial,40-79,"base, textura o máscara territorial",directa,publicar_svg_optimizado,
GRANULAR ELEMENTOS,acuiferos total.svg,svg,vector editable,,7154569,P14 GRANULAR - Pilar I Agua,42-47,mapa/capa hídrica,directa,publicar_svg_optimizado,
GRANULAR ELEMENTOS,agricultura1.svg,svg,vector editable,,2273,P14 GRANULAR - Pilar II Agropecuario,48-57,mapa/capa agroproductiva,directa,publicar_svg_optimizado,
GRANULAR ELEMENTOS,agricultura_comarca.svg,svg,vector editable,,5607313,P14 GRANULAR - Pilar II Agropecuario,48-57,mapa/capa agroproductiva,directa,publicar_svg_optimizado,
GRANULAR ELEMENTOS,agricultura_comarca_total.svg,svg,vector editable,,16567737,P14 GRANULAR - Pilar II Agropecuario,48-57,mapa/capa agroproductiva,directa,publicar_svg_optimizado,
GRANULAR ELEMENTOS,agricultura_riego.svg,svg,vector editable,,2177187,P14 GRANULAR - Pilar II Agropecuario,48-57,mapa/capa agroproductiva,directa,publicar_svg_optimizado,
GRANULAR ELEMENTOS,agricultura_temporal.svg,svg,vector editable,,2291404,P14 GRANULAR - Pilar II Agropecuario,48-57,mapa/capa agroproductiva,directa,publicar_svg_optimizado,
GRANULAR ELEMENTOS,agricultura_total_2.svg,svg,vector editable,,19963695,P14 GRANULAR - Pilar II Agropecuario,48-57,mapa/capa agroproductiva,directa,publicar_svg_optimizado,
GRANULAR ELEMENTOS,agropro.svg,svg,vector editable,,85270,P14 GRANULAR - Pilar II Agropecuario,48-57,mapa/capa agroproductiva,directa,publicar_svg_optimizado,
GRANULAR ELEMENTOS,agua_tot.svg,svg,vector editable,,20026033,P14 GRANULAR - Pilar I Agua,42-47,mapa/capa hídrica,directa,publicar_svg_optimizado,
GRANULAR ELEMENTOS,anp.svg,svg,vector editable,,3069600,P14 GRANULAR - Pilar III Gobernanza,58-61,mapa/capa institucional-ambiental,directa,publicar_svg_optimizado,
GRANULAR ELEMENTOS,anp_rtp.svg,svg,vector editable,,6475505,P14 GRANULAR - Pilar III Gobernanza,58-61,mapa/capa institucional-ambiental,directa,publicar_svg_optimizado,
GRANULAR ELEMENTOS,axai.ai,ai,fuente vectorial,,2657421,P14 GRANULAR - exploraciones no confirmadas,40-79,boceto/activo experimental,baja,fuente_editable,No se confirmó una aparición directa en el PDF.
GRANULAR ELEMENTOS,base_red.svg,svg,vector editable,,23828063,P14 GRANULAR - Conectividad,69,red/capa de conectividad,directa,publicar_svg_optimizado,
GRANULAR ELEMENTOS,basedef.svg,svg,vector editable,,14965412,P14 GRANULAR - identidad/base territorial,40-79,"base, textura o máscara territorial",directa,publicar_svg_optimizado,
GRANULAR ELEMENTOS,bolson_mapimi.svg,svg,vector editable,,209406,P14 GRANULAR - identidad/base territorial,40-79,"base, textura o máscara territorial",directa,publicar_svg_optimizado,
GRANULAR ELEMENTOS,calidad_agua_total.svg,svg,vector editable,,7257317,P14 GRANULAR - Pilar I Agua,42-47,mapa/capa hídrica,directa,publicar_svg_optimizado,
GRANULAR ELEMENTOS,circuito_radial_laguna.svg,svg,vector editable,,17757,P14 GRANULAR - Conectividad,69,red/capa de conectividad,directa,publicar_svg_optimizado,
GRANULAR ELEMENTOS,class_edaf.svg,svg,vector editable,,6684317,P14 GRANULAR - Pilar V Ambiente,66-68,mapa/capa edáfico-ambiental,directa,publicar_svg_optimizado,
GRANULAR ELEMENTOS,comarca_base.svg,svg,vector editable,,25342997,P14 GRANULAR - identidad/base territorial,40-79,"base, textura o máscara territorial",directa,publicar_svg_optimizado,
GRANULAR ELEMENTOS,comarca_base_conectividad.svg,svg,vector editable,,58264396,P14 GRANULAR - Conectividad,69,red/capa de conectividad,directa,publicar_svg_optimizado,
GRANULAR ELEMENTOS,comarca_base_moradp.svg,svg,vector editable,,24710429,P14 GRANULAR - resultados del clustering,70-75,capa de clasificación,directa,publicar_svg_optimizado,
GRANULAR ELEMENTOS,comarca_base_rosa.svg,svg,vector editable,,55678869,P14 GRANULAR - resultados del clustering,70-75,capa de clasificación,directa,publicar_svg_optimizado,
GRANULAR ELEMENTOS,comarca_granjas.svg,svg,vector editable,,8850001,P14 GRANULAR - Pilar II Agropecuario,48-57,mapa/capa agroproductiva,directa,publicar_svg_optimizado,
GRANULAR ELEMENTOS,commuting.svg,svg,vector editable,,4948817,P14 GRANULAR - Pilar IV Socioeconomía,62-65,mapa/capa socioeconómica,directa,publicar_svg_optimizado,
GRANULAR ELEMENTOS,commuting_alto.svg,svg,vector editable,,11457305,P14 GRANULAR - Pilar IV Socioeconomía,62-65,mapa/capa socioeconómica,directa,publicar_svg_optimizado,
GRANULAR ELEMENTOS,commuting_bajo.svg,svg,vector editable,,11004421,P14 GRANULAR - Pilar IV Socioeconomía,62-65,mapa/capa socioeconómica,directa,publicar_svg_optimizado,
GRANULAR ELEMENTOS,commuting_medio.svg,svg,vector editable,,11341749,P14 GRANULAR - Pilar IV Socioeconomía,62-65,mapa/capa socioeconómica,directa,publicar_svg_optimizado,
GRANULAR ELEMENTOS,commuting_total.svg,svg,vector editable,,10993989,P14 GRANULAR - Pilar IV Socioeconomía,62-65,mapa/capa socioeconómica,directa,publicar_svg_optimizado,
GRANULAR ELEMENTOS,conectividad.svg,svg,vector editable,,6145805,P14 GRANULAR - Conectividad,69,red/capa de conectividad,directa,publicar_svg_optimizado,
GRANULAR ELEMENTOS,cover_line.svg,svg,vector editable,,133076,P14 GRANULAR - identidad/base territorial,40-79,"base, textura o máscara territorial",directa,publicar_svg_optimizado,
GRANULAR ELEMENTOS,critical_layers.svg,svg,vector editable,,3475,P14 GRANULAR - Pilar III Gobernanza,58-61,mapa/capa institucional-ambiental,directa,publicar_svg_optimizado,
GRANULAR ELEMENTOS,cuencas.svg,svg,vector editable,,208605,P14 GRANULAR - Pilar I Agua,42-47,mapa/capa hídrica,directa,publicar_svg_optimizado,
GRANULAR ELEMENTOS,distritos_riego.svg,svg,vector editable,,7235369,P14 GRANULAR - Pilar II Agropecuario,48-57,mapa/capa agroproductiva,directa,publicar_svg_optimizado,
GRANULAR ELEMENTOS,edafologia_cs.svg,svg,vector editable,,5607073,P14 GRANULAR - Pilar V Ambiente,66-68,mapa/capa edáfico-ambiental,directa,publicar_svg_optimizado,
GRANULAR ELEMENTOS,fondo.svg,svg,vector editable,,33473927,P14 GRANULAR - identidad/base territorial,40-79,"base, textura o máscara territorial",directa,publicar_svg_optimizado,
GRANULAR ELEMENTOS,gobernanza.svg,svg,vector editable,,17423665,P14 GRANULAR - Pilar III Gobernanza,58-61,mapa/capa institucional-ambiental,directa,publicar_svg_optimizado,
GRANULAR ELEMENTOS,grado_rezago.svg,svg,vector editable,,5853445,P14 GRANULAR - Pilar IV Socioeconomía,62-65,mapa/capa socioeconómica,directa,publicar_svg_optimizado,
GRANULAR ELEMENTOS,granular_flow.svg,svg,vector editable,,2931,P14 GRANULAR - síntesis y aplicaciones,70-79,diagrama metodológico/tipológico,directa,publicar_svg_optimizado,
GRANULAR ELEMENTOS,hh}.svg,svg,vector editable,,15598733,P14 GRANULAR - exploraciones no confirmadas,40-79,boceto/activo experimental,baja,revisar,No se confirmó una aparición directa en el PDF.
GRANULAR ELEMENTOS,hill.svg,svg,vector editable,,26493546,P14 GRANULAR - identidad/base territorial,40-79,"base, textura o máscara territorial",directa,publicar_svg_optimizado,
GRANULAR ELEMENTOS,hillshade_base.svg,svg,vector editable,,22193320,P14 GRANULAR - identidad/base territorial,40-79,"base, textura o máscara territorial",directa,publicar_svg_optimizado,
GRANULAR ELEMENTOS,lcoalidades_total.svg,svg,vector editable,,21122359,P14 GRANULAR - resultados del clustering,70-75,capa de clasificación,directa,publicar_svg_optimizado,
GRANULAR ELEMENTOS,localidades_agroproductivas.svg,svg,vector editable,,9367201,P14 GRANULAR - Pilar II Agropecuario,48-57,mapa/capa agroproductiva,directa,publicar_svg_optimizado,
GRANULAR ELEMENTOS,localidades_blue.svg,svg,vector editable,,10501929,P14 GRANULAR - resultados del clustering,70-75,capa de clasificación,directa,publicar_svg_optimizado,
GRANULAR ELEMENTOS,localidades_parcial.svg,svg,vector editable,,2766815,P14 GRANULAR - resultados del clustering,70-75,capa de clasificación,directa,publicar_svg_optimizado,
GRANULAR ELEMENTOS,marginacion.svg,svg,vector editable,,5091393,P14 GRANULAR - Pilar IV Socioeconomía,62-65,mapa/capa socioeconómica,directa,publicar_svg_optimizado,
GRANULAR ELEMENTOS,marginacion_localidades.svg,svg,vector editable,,1227491,P14 GRANULAR - Pilar IV Socioeconomía,62-65,mapa/capa socioeconómica,directa,publicar_svg_optimizado,
GRANULAR ELEMENTOS,marginacion_mun.svg,svg,vector editable,,1342931,P14 GRANULAR - Pilar IV Socioeconomía,62-65,mapa/capa socioeconómica,directa,publicar_svg_optimizado,
GRANULAR ELEMENTOS,methodology_flow.svg,svg,vector editable,,4554,P14 GRANULAR - síntesis y aplicaciones,70-79,diagrama metodológico/tipológico,directa,publicar_svg_optimizado,
GRANULAR ELEMENTOS,mexico_typologies.svg,svg,vector editable,,3425,P14 GRANULAR - síntesis y aplicaciones,70-79,diagrama metodológico/tipológico,directa,publicar_svg_optimizado,
GRANULAR ELEMENTOS,paisaje_comarca.svg,svg,vector editable,,571470,P14 GRANULAR - identidad/base territorial,40-79,"base, textura o máscara territorial",directa,publicar_svg_optimizado,
GRANULAR ELEMENTOS,pilar_agua.svg,svg,vector editable,,7650221,P14 GRANULAR - Pilar I Agua,42-47,mapa/capa hídrica,directa,publicar_svg_optimizado,
GRANULAR ELEMENTOS,portada.svg,svg,vector editable,,2041655,P14 GRANULAR - identidad/base territorial,40-79,"base, textura o máscara territorial",directa,publicar_svg_optimizado,
GRANULAR ELEMENTOS,portada_def.svg,svg,vector editable,,26454521,P14 GRANULAR - identidad/base territorial,40-79,"base, textura o máscara territorial",directa,publicar_svg_optimizado,
GRANULAR ELEMENTOS,pozos y plantas.svg,svg,vector editable,,8561623,P14 GRANULAR - Pilar I Agua,42-47,mapa/capa hídrica,directa,publicar_svg_optimizado,
GRANULAR ELEMENTOS,pp_ Radar de Tensiones y Políticas_Hídricas_Comarca_Lagunera_(1990–2025).svg,svg,vector editable,,6894282,P14 GRANULAR - aplicaciones y gobernanza,78-79,diagrama de tensiones/políticas,directa,publicar_svg_optimizado,
GRANULAR ELEMENTOS,riego_2.svg,svg,vector editable,,122809,P14 GRANULAR - Pilar II Agropecuario,48-57,mapa/capa agroproductiva,directa,publicar_svg_optimizado,
GRANULAR ELEMENTOS,rio nazas.svg,svg,vector editable,,272011,P14 GRANULAR - Pilar I Agua,42-47,mapa/capa hídrica,directa,publicar_svg_optimizado,
GRANULAR ELEMENTOS,rostro.svg,svg,vector editable,,90479,P14 GRANULAR - exploraciones no confirmadas,40-79,boceto/activo experimental,baja,revisar,No se confirmó una aparición directa en el PDF.
GRANULAR ELEMENTOS,satelite_base_rostro.svg,svg,vector editable,,16530662,P14 GRANULAR - exploraciones no confirmadas,40-79,boceto/activo experimental,baja,revisar,No se confirmó una aparición directa en el PDF.
GRANULAR ELEMENTOS,satelite_base_rr.svg,svg,vector editable,,24024424,P14 GRANULAR - identidad/base territorial,40-79,"base, textura o máscara territorial",directa,publicar_svg_optimizado,
GRANULAR ELEMENTOS,sequia.svg,svg,vector editable,,5967787,P14 GRANULAR - Pilar II Agropecuario,48-57,mapa/capa agroproductiva,directa,publicar_svg_optimizado,
GRANULAR ELEMENTOS,suelos.svg,svg,vector editable,,8448041,P14 GRANULAR - Pilar V Ambiente,66-68,mapa/capa edáfico-ambiental,directa,publicar_svg_optimizado,
GRANULAR ELEMENTOS,sup_riego.svg,svg,vector editable,,8718249,P14 GRANULAR - Pilar II Agropecuario,48-57,mapa/capa agroproductiva,directa,publicar_svg_optimizado,
GRANULAR ELEMENTOS,tenencia_tierra.svg,svg,vector editable,,9719481,P14 GRANULAR - Pilar III Gobernanza,58-61,mapa/capa institucional-ambiental,directa,publicar_svg_optimizado,
GRANULAR ELEMENTOS,tipologias.ai,ai,fuente vectorial,,2930652,P14 GRANULAR - exploraciones no confirmadas,40-79,boceto/activo experimental,baja,fuente_editable,No se confirmó una aparición directa en el PDF.
GRANULAR ELEMENTOS,total_agro.svg,svg,vector editable,,21351905,P14 GRANULAR - Pilar II Agropecuario,48-57,mapa/capa agroproductiva,directa,publicar_svg_optimizado,
GRANULAR ELEMENTOS,total_granjas.svg,svg,vector editable,,21236913,P14 GRANULAR - Pilar II Agropecuario,48-57,mapa/capa agroproductiva,directa,publicar_svg_optimizado,
GRANULAR ELEMENTOS,total_granjas_2.svg,svg,vector editable,,23385921,P14 GRANULAR - Pilar II Agropecuario,48-57,mapa/capa agroproductiva,directa,publicar_svg_optimizado,
GRANULAR ELEMENTOS,vegetacion.svg,svg,vector editable,,6029909,P14 GRANULAR - Pilar V Ambiente,66-68,mapa/capa edáfico-ambiental,directa,publicar_svg_optimizado,
GRANULAR ELEMENTOS,vulnerabilidad_sequia.svg,svg,vector editable,,1684276,P14 GRANULAR - Pilar II Agropecuario,48-57,mapa/capa agroproductiva,directa,publicar_svg_optimizado,
